{"cameraMode":{"drawMode":0,"name":"Shaded","section":"Shading Mode"},"sceneLighting":false,"audioPlay":false,"sceneViewState":{"m_AlwaysRefresh":false,"showFog":true,"showSkybox":false,"showFlares":true,"showImageEffects":true,"showParticleSystems":true,"showVisualEffectGraphs":true,"m_FxEnabled":true},"in2DMode":false,"pivot":{"x":3.5762786865234377e-7,"y":0.7554436326026917,"z":-0.06258225440979004},"rotation":{"x":0.21324299275875092,"y":-0.09799971431493759,"z":0.02150340937077999,"w":0.9718344211578369},"size":2.848207950592041,"orthographic":false}