{"cameraMode":{"drawMode":0,"name":"Shaded","section":"Shading Mode"},"sceneLighting":true,"audioPlay":false,"sceneViewState":{"m_AlwaysRefresh":false,"showFog":true,"showSkybox":true,"showFlares":true,"showImageEffects":true,"showParticleSystems":true,"showVisualEffectGraphs":true,"m_FxEnabled":true},"in2DMode":false,"pivot":{"x":-24.870346069335939,"y":5.961355209350586,"z":-3.5104570388793947},"rotation":{"x":0.19757190346717835,"y":0.07696569710969925,"z":-0.015556414611637593,"w":0.9771652221679688},"size":12.667963981628418,"orthographic":true}